id,kind,name,description,version,effective_at,is_active,data,embedding,meta,created_at,updated_at
022b5d33-342c-4a0c-82c0-174b1891a260,COMPONENT,COMP-EXHAUST-25W,Exhaust fan 25 W,1.0.0,2025-10-21 17:35:51.221556+00,true,"{""tags"":[""FAN"",""VENTILATION""],""layer_out"":""E-LIGHT-GEN"",""attributes"":{""orientation"":""THROUGH_WALL"",""rated_power_w"":25,""mount_height_mm"":2200},""block_name"":""E_EXHAUST_25W""}",,{},2025-10-21 17:35:51.221556+00,2025-10-23 17:08:40.87884+00
066b4696-9d21-4388-8750-dca0edadb567,DERATING_FACTOR,DERATE-AMB40,ambient 40°C XLPE/THW,1.0.0,2025-10-21 17:35:51.221556+00,false,"{""scope"":{""insulation"":""XLPE""},""conditions"":{""ambient_temp_c"":40},""source_ref"":""IEC 60364 B.52.14"",""derating_value"":0.94}",,"{""deprecated"":true,""deprecated_at"":""2025-11-20T19:43:06.158425+00:00"",""deprecated_reason"":""legacy derating row, superseded by DF001–DF004""}",2025-10-21 17:35:51.221556+00,2025-11-20 19:43:06.158425+00
0749065f-2fa8-4ae1-9964-bf2d54be64af,DERATING_FACTOR,DERATING-THERMAL-INSULATION,ค่าลดกระแสเมื่อสายวิ่งผ่านฉนวนกันความร้อน,1.0.0,2025-11-20 18:30:04.408195+00,true,"{""table"":[{""derating_factor"":1,""insulation_thickness_mm"":0},{""derating_factor"":0.85,""insulation_thickness_mm"":50},{""derating_factor"":0.75,""insulation_thickness_mm"":100},{""derating_factor"":0.6,""insulation_thickness_mm"":200}],""factor_id"":""DF004"",""description"":""ค่าลดเมื่อสายไฟเดินผ่านฉนวนความร้อนหนาต่าง ๆ"",""factor_name"":""Thermal Insulation Derating"",""derating_type"":""thermal_insulation"",""derating_value"":0.75,""standard_reference"":""IEC 60364-5-52""}",,"{""tags"":[""derating"",""thermal_insulation"",""safety""],""source_ref"":""ไฟล์อุปกรณ์ไฟฟ้า (DERATING DF004)""}",2025-11-20 18:30:04.408195+00,2025-11-20 19:43:06.158425+00
085aabb2-e7f1-4fde-8055-14d64797b254,APPLIANCE,APP013-DRYER-4000W,"เครื่องอบผ้า 4,000W",1.0.0,2025-11-20 17:33:54.776379+00,true,"{""notes"":""มาจาก APPLIANCES_CATALOG: dryer 4kW, requires dedicated circuit"",""category"":""LAUNDRY"",""voltage_v"":220,""subcategory"":""dryer"",""appliance_code"":""APP013"",""appliance_name"":""เครื่องอบผ้า 4,000W"",""typical_power_w"":4000}",,{},2025-11-20 17:33:54.776379+00,2025-11-20 19:43:06.158425+00
0868c2e3-b02d-49d1-a267-05fe447646fd,COMPONENT,COMP-MAIN-MCB,Main breaker 100A,1.0.0,2025-10-21 17:35:51.221556+00,true,"{""tags"":[""SERVICE_ENTRANCE"",""PANEL_DEVICE""],""layer_out"":""E-PANEL-GEN"",""attributes"":{""orientation"":""ALONG_WALL_NORMAL"",""mount_height_mm"":1600,""rated_current_a"":100},""block_name"":""E_MAIN_MCB""}",,{},2025-10-21 17:35:51.221556+00,2025-10-23 17:08:40.87884+00
0f540b7f-6419-4927-bd49-2faeb8b92e1f,APPLIANCE,APP009-PC-GAMING,ชุดคอมพิวเตอร์เล่นเกม,1.0.0,2025-11-20 15:29:09.93935+00,true,"{""notes"":""เหมาะกับเต้ารับเฉพาะจุดโต๊ะคอมพิวเตอร์"",""phase"":""single"",""category"":""IT"",""voltage_v"":230,""max_power_w"":800,""power_factor"":0.9,""appliance_code"":""APP009"",""appliance_name"":""PC Gaming + Monitor"",""duty_cycle_pct"":50,""typical_power_w"":500,""recommended_breaker_a"":16,""recommended_circuit_type"":""receptacle"",""recommended_wire_size_mm2"":2.5}",,{},2025-11-20 15:29:09.93935+00,2025-11-20 19:43:06.158425+00
100b42ce-7903-4f2d-8bbd-ef6ed5dbda8e,COMPONENT,COMP-SPD,Surge protector (SPD),1.0.0,2025-10-21 17:35:51.221556+00,true,"{""tags"":[""SERVICE_ENTRANCE"",""PROTECTION""],""layer_out"":""E-PANEL-GEN"",""attributes"":{""rated_kA"":10,""orientation"":""ALONG_WALL_NORMAL"",""mount_height_mm"":1600},""block_name"":""E_SPD""}",,{},2025-10-21 17:35:51.221556+00,2025-10-23 17:08:40.87884+00
12976361-b2fc-4ab2-bec1-49e0d92a8791,VALIDATION_RULE,VALID-OUTLET-MIN-HEIGHT,ตรวจสอบความสูงเต้ารับจากพื้นไม่ต่ำกว่าค่าที่กำหนด,1.0.0,2025-11-20 15:29:09.93935+00,true,"{""logic"":{""applies_to"":[""COMPONENT"",""PLACEMENT_RULE""],""parameters"":{""max_value_mm"":1200,""min_value_mm"":300},""error_level"":""ERROR"",""target_field"":""attributes.mount_height_mm"",""validation_type"":""numeric_range"",""standard_reference"":""EIT / กฟน./กฟภ. คู่มือออกแบบระบบไฟฟ้า""},""rule_id"":""VR001"",""rule_name"":""Outlet minimum mounting height""}",,{},2025-11-20 15:29:09.93935+00,2025-11-20 19:43:06.158425+00
13449a1f-65cb-42a5-8043-f697839f4eaf,CABLE_SPEC,CABLE-THW-1.5-MM2,สายเดี่ยว THW 1 x 1.5 sq.mm,1.0.0,2025-11-20 15:29:09.93935+00,true,"{""cable_id"":""CS001"",""material"":""CU"",""size_mm2"":1.5,""price_date"":""2025-01-01"",""insulation_type"":""PVC-THW"",""price_thb_per_m"":5.5,""weight_kg_per_m"":0.025,""outer_diameter_mm"":4.5,""standard_reference"":""TIS 11-2553"",""ampacity_free_air_a"":20,""reactance_ohm_per_km"":0.08,""ampacity_in_conduit_a"":18,""insulation_temp_rating_c"":70,""resistance_ohm_per_km_20c"":12.1}",,{},2025-11-20 15:29:09.93935+00,2025-11-20 19:43:06.158425+00
16fd34ba-37dd-4fd3-810e-100ae4c208f5,CABLE_SPEC,IEC-60502-4C-25sqmm,A standard 4-core 25 sq.mm. XLPE insulated copper cable.,1.0.0,2025-10-20 19:54:07.471978+00,false,"{""cost"":{""vendor"":""Example Cables"",""currency"":""THB"",""cost_per_meter"":320,""price_valid_to"":null,""price_valid_from"":""2025-01-01""},""properties"":{""insulation"":""XLPE"",""base_ampacity"":130,""resistance_ohm_per_km"":0.734}}",,"{""qa"":{""confidence"":0.95,""verified_at"":""2025-10-21"",""verified_by"":""eng.elara""},""sku"":""CAB-60502-4C-25"",""tags"":[""XLPE"",""INDOOR""],""units"":{""area"":""mm2"",""resistance"":""ohm/km""},""region"":""TH"",""source"":{""doc"":""IEC-60502-TH-2025"",""standard"":""IEC 60502""},""lifecycle"":{""version"":""1.0.0"",""deprecated"":false,""effective_from"":""2025-01-01""},""deprecated"":true,""deprecated_at"":""2025-11-20T19:43:06.158425+00:00"",""max_voltage_v"":600,""temp_rating_c"":90,""lead_time_days"":14,""weight_kg_per_km"":210,""bending_radius_mm"":150,""deprecated_reason"":""incomplete CABLE_SPEC stub (missing key rating fields)""}",2025-10-21 17:22:24.917515+00,2025-11-20 19:43:06.158425+00
1742917f-2656-4172-8ede-ca081fa93cd8,COMPONENT,COMP-HANDY-BOX,Handy box (flush),1.0.0,2025-10-21 17:35:51.221556+00,true,"{""tags"":[""BOX"",""WALL_DEVICE""],""layer_out"":""E-BOX-GEN"",""attributes"":{""orientation"":""ALONG_WALL_NORMAL"",""mount_height_mm"":300},""block_name"":""E_BOX_HANDY""}",,{},2025-10-21 17:35:51.221556+00,2025-10-23 17:08:40.87884+00
1d3cc9e8-1b47-4e27-ab4f-ff6789fda532,ROOM_TEMPLATE,RT-BATHROOM-STD,Template ห้องน้ำมาตรฐาน,1.0.0,2025-11-20 15:29:09.93935+00,true,"{""room_name"":""Bathroom standard"",""room_type"":""bathroom"",""template_code"":""RT004"",""load_profile_hint"":""medium"",""default_appliances"":[""APP006-WATER-HEATER-4_5KW"",""APP010-HAIR-DRYER-2000W""],""default_zone_bundles"":[""BUNDLE-BATHROOM-OUTLET-v1"",""BUNDLE-BATHROOM-LIGHT-v1""]}",,{},2025-11-20 15:29:09.93935+00,2025-11-20 19:43:06.158425+00
203ffff8-2a76-4705-96e9-7fc896fd8e9c,ZONE_BUNDLE,BUNDLE-OFFICE-LIGHT-v1,Office lighting bundle,1.0.0,2025-10-21 19:46:17.237032+00,true,"{""component"":""COMP-CEILING-24W"",""panelboard"":""DB-1"",""routing_rule"":""ROUTE-DEFAULT-CEILING"",""placement_rule"":""RULE-ROOM-LIGHTING"",""circuit_template"":""CKT-LIGHT-01""}",,{},2025-10-21 19:46:17.237032+00,2025-11-19 20:12:50.263224+00
237ee9ba-383b-4063-8542-6deffad2bccb,CABLE_SPEC,CABLE-THHN-1.5-MM2,สาย THHN 1 x 1.5 sq.mm,1.0.0,2025-11-20 17:33:54.776379+00,true,"{""cable_id"":""CS004"",""material"":""copper"",""size_mm2"":1.5,""cable_name"":""THHN 1.5 mm²"",""price_date"":""2025-11-15"",""insulation_type"":""Nylon-coated PVC (THHN)"",""price_thb_per_m"":6.5,""weight_kg_per_m"":0.022,""outer_diameter_mm"":4,""standard_reference"":""NEC NFPA 70"",""ampacity_free_air_a"":25,""reactance_ohm_per_km"":0.08,""ampacity_in_conduit_a"":20,""insulation_temp_rating_c"":90,""resistance_ohm_per_km_20c"":12.1}",,"{""tags"":[""residential"",""thhn"",""high_temp""],""source_ref"":""ไฟล์อุปกรณ์ไฟฟ้า (THHN)"",""manufacturer"":""Generic""}",2025-11-20 17:33:54.776379+00,2025-11-20 19:43:06.158425+00
24fb5000-be6c-4253-8243-4d96380bcf8c,APPLIANCE,APP007-RICE-COOKER-1L,หม้อหุงข้าว 1 ลิตร,1.0.0,2025-11-20 15:29:09.93935+00,true,"{""notes"":""ใช้ร่วมวงจรเต้ารับครัวได้"",""phase"":""single"",""category"":""KITCHEN"",""voltage_v"":230,""max_power_w"":700,""power_factor"":0.9,""appliance_code"":""APP007"",""appliance_name"":""หม้อหุงข้าว 1 ลิตร"",""duty_cycle_pct"":20,""typical_power_w"":500,""recommended_breaker_a"":16,""recommended_circuit_type"":""receptacle"",""recommended_wire_size_mm2"":2.5}",,{},2025-11-20 15:29:09.93935+00,2025-11-20 19:43:06.158425+00
291230b2-fe91-482d-96a4-a6e8715e669d,PROJECT_CONFIG,LMAP-PROJ-001,โครงการบ้านพักอาศัย,1.0.0,2025-10-21 17:35:51.221556+00,true,"{""logical_layers"":{""CABLE_CEILING"":""EL-CABLE"",""CONDUIT_CEILING"":""EL-CONDUIT"",""ELECTRICAL_OUTLETS"":""EL-OUTLET"",""ELECTRICAL_LIGHTING"":""EL-LIGHT"",""ELECTRICAL_SWITCHES"":""EL-SWITCH""},""zone_bundle_map"":{""BEDROOM"":""BUNDLE-BEDROOM-OUTLET-v1"",""KITCHEN"":""BUNDLE-KITCHEN-OUTLET-v1"",""BATHROOM"":""BUNDLE-BATHROOM-OUTLET-v1"",""LIVING_ROOM"":""BUNDLE-LIVING-OUTLET-v1"",""BEDROOM_LIGHT"":""BUNDLE-BEDROOM-LIGHT-v1"",""KITCHEN_LIGHT"":""BUNDLE-KITCHEN-LIGHT-v1"",""BATHROOM_LIGHT"":""BUNDLE-BATHROOM-LIGHT-v1"",""LIVING_ROOM_LIGHT"":""BUNDLE-LIVING-LIGHT-v1""}}",,{},2025-10-21 17:35:51.221556+00,2025-11-20 19:43:06.158425+00
29396cd9-03e7-4f5a-8e51-4fbbac6d1e7d,COMPONENT,COMP-CEILING-24W,โคมไฟดาวน์ไลท์ LED 24W,1.0.0,2025-10-21 17:35:51.221556+00,true,"{""brand"":""Philips"",""lumens"":2160,""power_w"":24,""subtype"":""downlight"",""ip_rating"":""IP44"",""layer_out"":""ELECTRICAL_LIGHTING"",""price_thb"":295,""attributes"":{""depth"":90,""diameter"":120,""mount_type"":""recessed"",""mount_height_mm"":2700},""block_name"":""DOWNLIGHT_LED_24W"",""light_source"":""LED"",""component_type"":""luminaire"",""color_temperature_k"":4000}",,{},2025-10-21 17:35:51.221556+00,2025-11-20 19:43:06.158425+00
298dd469-8481-42cd-9401-3e20364b75cc,COMPONENT,COMP-WATER-HEATER-3.5kW,Instant water heater 3.5 kW,1.0.0,2025-10-21 17:35:51.221556+00,true,"{""tags"":[""WET"",""HEAVY_LOAD""],""layer_out"":""E-HEAVY-GEN"",""attributes"":{""orientation"":""ALONG_WALL_NORMAL"",""rated_power_w"":3500,""mount_height_mm"":1500},""block_name"":""E_WATER_HEATER_3K5""}",,{},2025-10-21 17:35:51.221556+00,2025-10-23 17:08:40.87884+00
2abea3a9-e4ad-4352-b90b-c0052fe28978,COMPONENT,COMP-AC-12000BTU,Air conditioner ~1.1 kW,1.0.0,2025-10-21 17:35:51.221556+00,true,"{""tags"":[""HVAC"",""HEAVY_LOAD""],""layer_out"":""E-HEAVY-GEN"",""attributes"":{""orientation"":""ALONG_WALL_NORMAL"",""rated_power_w"":1100,""mount_height_mm"":2200},""block_name"":""E_AC_12000""}",,{},2025-10-21 17:35:51.221556+00,2025-10-23 17:08:40.87884+00
2edd9da8-c5bc-457f-8726-c60f9172e168,APPLIANCE,APP006-WATER-HEATER-4_5KW,เครื่องทำน้ำอุ่น 4.5 kW,1.0.0,2025-11-20 15:29:09.93935+00,true,"{""notes"":""ต้องใช้ RCBO และสายดินที่ถูกต้อง"",""phase"":""single"",""category"":""BATHROOM"",""voltage_v"":230,""max_power_w"":4500,""power_factor"":1,""appliance_code"":""APP006"",""appliance_name"":""เครื่องทำน้ำอุ่น 4.5 kW"",""duty_cycle_pct"":20,""typical_power_w"":4500,""recommended_breaker_a"":25,""recommended_circuit_type"":""dedicated"",""recommended_wire_size_mm2"":4}",,{},2025-11-20 15:29:09.93935+00,2025-11-20 19:43:06.158425+00
2fc9c51b-c7fa-456d-8543-9c520f0ca3fe,COMPONENT,COMP-OUTLET-RJ45,LAN outlet (RJ45),1.0.0,2025-10-21 17:35:51.221556+00,true,"{""tags"":[""DATA"",""LOW_VOLTAGE""],""layer_out"":""E-LOWVOLT-GEN"",""attributes"":{""orientation"":""ALONG_WALL_NORMAL"",""mount_height_mm"":300},""block_name"":""E_OUTLET_RJ45""}",,{},2025-10-21 17:35:51.221556+00,2025-10-23 17:08:40.87884+00
3b97b46d-1538-4484-8c0f-6e5b75ed1a93,DERATING_FACTOR,DERATING-SOIL-THERMAL,ตัวคูณลดกระแสเมื่อฝังดินตามค่าความต้านทานความร้อนของดิน,1.0.0,2025-11-20 15:29:09.93935+00,true,"{""table"":[{""factor"":1,""soil_resistivity_km_per_w"":1},{""factor"":0.9,""soil_resistivity_km_per_w"":1.5},{""factor"":0.8,""soil_resistivity_km_per_w"":2},{""factor"":0.7,""soil_resistivity_km_per_w"":2.5}],""factor_id"":""DF003"",""factor_name"":""Soil thermal resistivity"",""derating_type"":""soil_burial"",""derating_value"":0.7,""standard_reference"":""IEC 60287 / IEC 60364-5-52""}",,{},2025-11-20 15:29:09.93935+00,2025-11-20 19:43:06.158425+00
3cd482fa-d867-4db5-b040-9c7d35fe1f9c,VALIDATION_RULE,VAL-CLEARANCE,Keep clear from obstacles by kind,1.0.0,2025-10-21 17:35:51.221556+00,true,"{""logic"":{""check"":""clearance_mm"",""value"":0,""operator"":"">=""},""params"":{""by_kind"":{""SINK"":600,""COLUMN"":200,""OPENING"":200,""WET_ZONE"":1200}}}",,{},2025-10-21 17:35:51.221556+00,2025-10-23 17:08:40.87884+00
3f6d7d36-4a2d-4160-ace0-e6735de43d8d,VALIDATION_RULE,VALID-CIRCUIT-VDROP-3PCT,ตรวจสอบแรงดันปลายทางของวงจรไม่ตกเกิน 3%,1.0.0,2025-11-20 15:29:09.93935+00,true,"{""logic"":{""applies_to"":[""CIRCUIT_TEMPLATE"",""ROUTE_PLAN""],""parameters"":{""base_voltage_v"":230,""max_voltage_drop_pct"":3},""error_level"":""ERROR"",""validation_type"":""voltage_drop_check"",""standard_reference"":""IEC 60364-5-52 / Voltage drop""},""rule_id"":""VR004"",""rule_name"":""Voltage drop limit 3%""}",,{},2025-11-20 15:29:09.93935+00,2025-11-20 19:43:06.158425+00
3fe377b0-0f01-46eb-8122-23edcd67439a,COMPONENT,COMP-EMT-1/2IN,"Conduit EMT 1/2"" path element",1.0.0,2025-10-21 17:35:51.221556+00,true,"{""tags"":[""CONDUIT"",""CEILING_DEVICE""],""layer_out"":""E-CONDUIT-GEN"",""attributes"":{""orientation"":""PATH_CEILING"",""mount_height_mm"":2600,""nominal_size_inch"":0.5},""block_name"":""E_CONDUIT_EMT12""}",,{},2025-10-21 17:35:51.221556+00,2025-10-23 17:08:40.87884+00
44e44910-54b4-46ad-b689-e6d5d24cb917,COMPONENT,COMP-SW-2WAY,Light switch 2-way,1.0.0,2025-10-21 17:35:51.221556+00,true,"{""tags"":[""SWITCH"",""WALL_DEVICE""],""layer_out"":""E-SWITCH-GEN"",""attributes"":{""orientation"":""ALONG_WALL_NORMAL"",""mount_height_mm"":1100},""block_name"":""E_SWITCH_2WAY""}",,{},2025-10-21 17:35:51.221556+00,2025-10-23 17:08:40.87884+00
46d0da14-9b4b-46f7-a562-de116058519c,COMPONENT,COMP-KWH-METER,KWh meter (utility),1.0.0,2025-10-21 17:35:51.221556+00,true,"{""tags"":[""SERVICE_ENTRANCE"",""WALL_DEVICE""],""layer_out"":""E-METER-GEN"",""attributes"":{""orientation"":""ALONG_WALL_NORMAL"",""mount_height_mm"":1600,""rated_current_a"":100},""block_name"":""E_KWH_METER""}",,{},2025-10-21 17:35:51.221556+00,2025-10-23 17:08:40.87884+00
46f438c5-09b2-48a7-802e-35356009f755,COMPONENT,COMP-GROUND-ROD,Ground rod,1.0.0,2025-10-21 17:35:51.221556+00,true,"{""tags"":[""EARTHING""],""layer_out"":""E-GROUND-GEN"",""attributes"":{""length_m"":2.4,""orientation"":""FLOOR_POINT"",""mount_height_mm"":0},""block_name"":""E_GROUND_ROD""}",,{},2025-10-21 17:35:51.221556+00,2025-10-23 17:08:40.87884+00
47c51b8b-bf30-4055-8ad6-1045aee2d31c,ROOM_TEMPLATE,RT-LIVING-STD,Template ห้องนั่งเล่นมาตรฐาน,1.0.0,2025-11-20 15:29:09.93935+00,true,"{""room_name"":""Living room standard"",""room_type"":""living_room"",""template_code"":""RT002"",""load_profile_hint"":""medium"",""default_appliances"":[""APP001-TV-55IN""],""default_zone_bundles"":[""BUNDLE-LIVING-OUTLET-v1"",""BUNDLE-LIVING-LIGHT-v1""]}",,{},2025-11-20 15:29:09.93935+00,2025-11-20 19:43:06.158425+00
4a5f1b05-ea04-4c88-8037-e888d61da374,COMPONENT,COMP-DOORBELL,Doorbell,1.0.0,2025-10-21 17:35:51.221556+00,true,"{""tags"":[""BELL"",""LOW_VOLTAGE""],""layer_out"":""E-LOWVOLT-GEN"",""attributes"":{""orientation"":""ALONG_WALL_NORMAL"",""mount_height_mm"":1400},""block_name"":""E_DOORBELL""}",,{},2025-10-21 17:35:51.221556+00,2025-10-23 17:08:40.87884+00
4d42d736-75f4-4579-9c5d-40945cc88367,ZONE_BUNDLE,BUNDLE-LIVING-OUTLET-v1,ชุดเต้ารับห้องนั่งเล่น,1.0.0,2025-11-19 18:57:13.956798+00,true,"{""component"":""COMP-OUTLET-16A"",""panelboard"":""DB-1"",""routing_rule"":""ROUTE-DEFAULT-CEILING"",""placement_rule"":""RULE-LIVING-OUTLET"",""circuit_template"":""CKT-OUTLET-01""}",,{},2025-11-19 18:57:13.956798+00,2025-11-20 19:43:06.158425+00
4e1cecb7-0725-4c4c-a781-e7bea0151776,DERATING_FACTOR,DERATE-AMBIENT-TEMP,Ambient Temperature Correction (DF002),1.0.0,2025-11-20 17:33:54.776379+00,true,"{""table"":[{""ambient_temp_c"":30,""derating_factor_60c"":1,""derating_factor_75c"":1,""derating_factor_90c"":1},{""ambient_temp_c"":35,""derating_factor_60c"":0.91,""derating_factor_75c"":0.94,""derating_factor_90c"":0.96},{""ambient_temp_c"":40,""derating_factor_60c"":0.82,""derating_factor_75c"":0.88,""derating_factor_90c"":0.91},{""ambient_temp_c"":45,""derating_factor_60c"":0.71,""derating_factor_75c"":0.82,""derating_factor_90c"":0.87},{""ambient_temp_c"":50,""derating_factor_60c"":0.58,""derating_factor_75c"":0.75,""derating_factor_90c"":0.82}],""factor_id"":""DF002"",""description"":""ค่าลดเมื่ออุณหภูมิแวดล้อมสูงกว่า 30°C"",""factor_name"":""Ambient Temperature Correction"",""derating_type"":""ambient_temperature"",""derating_value"":0.82,""base_temperature_c"":30,""standard_reference"":""NEC Table 310.15(B)(2)(a)""}",,{},2025-11-20 17:33:54.776379+00,2025-11-20 19:43:06.158425+00
5211eb62-c805-4a0a-8b41-30146d4fc626,DERATING_FACTOR,DERATING-AMBIENT-TEMP,ตัวคูณลดกระแสตามอุณหภูมิโดยรอบ,1.0.0,2025-11-20 15:29:09.93935+00,true,"{""table"":[{""factor"":1,""max_temp_c"":40,""min_temp_c"":30},{""factor"":0.94,""max_temp_c"":45,""min_temp_c"":41},{""factor"":0.88,""max_temp_c"":50,""min_temp_c"":46},{""factor"":0.82,""max_temp_c"":55,""min_temp_c"":51},{""factor"":0.76,""max_temp_c"":60,""min_temp_c"":56},{""factor"":0.61,""max_temp_c"":70,""min_temp_c"":61}],""factor_id"":""DF002"",""factor_name"":""Ambient temperature correction"",""derating_type"":""ambient_temperature"",""derating_value"":0.61,""standard_reference"":""IEC 60364-5-52 Table B.52.x""}",,{},2025-11-20 15:29:09.93935+00,2025-11-20 19:43:06.158425+00
575423d5-f92b-4f56-8c00-a095301610a1,VALIDATION_RULE,VAL-LAYER-LIGHT,Placed on light layer,1.0.0,2025-10-21 17:35:51.221556+00,true,"{""logic"":{""check"":""on_layer"",""value"":""E-LIGHT-GEN"",""operator"":""==""}}",,{},2025-10-21 17:35:51.221556+00,2025-10-23 17:08:40.87884+00
595ae42d-3262-4ea3-bc93-1a0ac880bd85,COMPONENT,COMP-OUTLET-16A,เต้ารับ 2 ช่อง 16A,1.0.0,2025-10-21 17:35:51.221556+00,true,"{""brand"":""Panasonic"",""model"":""WEG1021"",""subtype"":""duplex"",""grounding"":true,""ip_rating"":""IP20"",""layer_out"":""ELECTRICAL_OUTLETS"",""price_thb"":45,""attributes"":{""depth"":42,""width"":86,""height"":86,""mount_type"":""flush_mount"",""mount_height_mm"":300},""block_name"":""OUTLET_16A_2GANG"",""component_type"":""receptacle"",""power_rating_w"":3520,""current_rating_a"":16,""voltage_rating_v"":220}",,{},2025-10-21 17:35:51.221556+00,2025-11-20 19:43:06.158425+00
5ab77976-b3fb-4d6f-b38e-aedbf8282173,VALIDATION_RULE,VALID-SWITCH-HEIGHT-RANGE,ตรวจสอบความสูงสวิตช์แสงสว่างอยู่ในช่วงมาตรฐาน,1.0.0,2025-11-20 15:29:09.93935+00,true,"{""logic"":{""applies_to"":[""COMPONENT"",""PLACEMENT_RULE""],""parameters"":{""max_value_mm"":1400,""min_value_mm"":1100},""error_level"":""WARNING"",""target_field"":""attributes.mount_height_mm"",""validation_type"":""numeric_range"",""standard_reference"":""EIT / ทางปฏิบัติทั่วไปอาคารพักอาศัย""},""rule_id"":""VR002"",""rule_name"":""Switch mounting height range""}",,{},2025-11-20 15:29:09.93935+00,2025-11-20 19:43:06.158425+00
5fb002f8-4f25-4549-86ea-0431912ada87,CIRCUIT_TEMPLATE,CKT-PUMP-01,Water pump 0.75 kW,1.0.0,2025-10-21 17:35:51.221556+00,true,"{""pf"":0.9,""phase"":""1P"",""assign"":{""zone"":[""OUTDOOR""],""component_tags"":[""PUMP"",""HEAVY_LOAD""]},""breaker_a"":16,""diversity"":1,""panel_ref"":""DB-1"",""voltage_v"":230,""target_cable"":{""insulation"":""THW"",""suggest_size_sqmm"":2.5},""max_vdrop_pct"":3}",,{},2025-10-21 17:35:51.221556+00,2025-10-23 17:08:40.87884+00
638eacc9-4ffb-4b40-a0ae-1e0cd5370198,VALIDATION_RULE,VALID-CIRCUIT-LOAD-80PCT,โหลดใช้งานของวงจรไม่ควรเกิน 80% ของกระแสเบรกเกอร์,1.0.0,2025-11-20 15:29:09.93935+00,true,"{""logic"":{""applies_to"":[""CIRCUIT_TEMPLATE""],""parameters"":{""max_load_pct_of_breaker"":80},""error_level"":""WARNING"",""validation_type"":""ratio_limit"",""standard_reference"":""การออกแบบทั่วไป / good engineering practice""},""rule_id"":""VR005"",""rule_name"":""Circuit loading ≤ 80% of breaker""}",,{},2025-11-20 15:29:09.93935+00,2025-11-20 19:43:06.158425+00
6458b284-1b87-440b-ade1-24a7b7a4dd33,APPLIANCE,APP001-TV-55IN,โทรทัศน์ LED 55 นิ้ว,1.0.0,2025-11-20 15:29:09.93935+00,true,"{""notes"":""แกว่งโหลดต่ำ ใช้ร่วมกับเต้ารับทั่วไปได้"",""phase"":""single"",""category"":""ENTERTAINMENT"",""voltage_v"":230,""max_power_w"":180,""power_factor"":0.9,""appliance_code"":""APP001"",""appliance_name"":""TV LED 55 นิ้ว"",""duty_cycle_pct"":40,""typical_power_w"":120,""recommended_breaker_a"":16,""recommended_circuit_type"":""receptacle"",""recommended_wire_size_mm2"":2.5}",,{},2025-11-20 15:29:09.93935+00,2025-11-20 19:43:06.158425+00
659147fe-f54e-4b9a-8f2a-ba42c043a8d2,VALIDATION_RULE,VALID-BATHROOM-OUTLET-ZONE,เต้ารับในห้องน้ำต้องกันน้ำและอยู่นอกโซนเปียก,1.0.0,2025-11-20 15:29:09.93935+00,true,"{""logic"":{""applies_to"":[""COMPONENT"",""PLACEMENT_RULE""],""parameters"":{""min_ip_rating"":""IP44"",""min_distance_from_water_mm"":600},""error_level"":""ERROR"",""validation_type"":""compound_check"",""standard_reference"":""IEC 60364-7-701 / ห้องน้ำ""},""rule_id"":""VR003"",""rule_name"":""Bathroom outlet zone / IP rating""}",,{},2025-11-20 15:29:09.93935+00,2025-11-20 19:43:06.158425+00
6ac0bbc7-c948-4e0f-8aa6-915b8e966754,COMPONENT,COMP-WALLLAMP-12W,Wall lamp 12W ~1000 lm,1.0.0,2025-10-21 17:35:51.221556+00,true,"{""tags"":[""LIGHT"",""WALL_DEVICE""],""layer_out"":""E-LIGHT-GEN"",""attributes"":{""orientation"":""ALONG_WALL_NORMAL"",""rated_power_w"":12,""mount_height_mm"":1600,""luminous_flux_lm"":1000},""block_name"":""E_WALL_LAMP_12W""}",,{},2025-10-21 17:35:51.221556+00,2025-10-23 17:08:40.87884+00
6b23468b-21ef-408f-b712-46d81bcbea67,ZONE_BUNDLE,BUNDLE-LIVING-LIGHT-v1,ชุดไฟห้องนั่งเล่น,1.0.0,2025-11-19 18:57:13.956798+00,true,"{""component"":""COMP-DOWNLIGHT-9W"",""panelboard"":""DB-1"",""routing_rule"":""ROUTE-DEFAULT-CEILING"",""placement_rule"":""RULE-ROOM-LIGHTING"",""circuit_template"":""CKT-LIGHT-01""}",,{},2025-11-19 18:57:13.956798+00,2025-11-20 19:43:06.158425+00
6eb8ace5-95c0-4299-95c0-22264d39fbfe,CIRCUIT_TEMPLATE,CKT-WET-HEATER,Water heater (RCBO),1.0.0,2025-10-21 17:35:51.221556+00,true,"{""pf"":1,""phase"":""1P"",""assign"":{""zone"":[""BATHROOM""],""component_tags"":[""WET"",""HEAVY_LOAD""]},""breaker_a"":20,""diversity"":1,""panel_ref"":""DB-1"",""voltage_v"":230,""target_cable"":{""insulation"":""THW"",""suggest_size_sqmm"":4},""max_vdrop_pct"":3}",,{},2025-10-21 17:35:51.221556+00,2025-10-23 17:08:40.87884+00
6fc7a46c-85a4-451b-a181-2112e9f06ad6,COMPONENT,COMP-DIMMER,Dimmer,1.0.0,2025-10-21 17:35:51.221556+00,true,"{""tags"":[""SWITCH"",""CONTROL""],""layer_out"":""E-SWITCH-GEN"",""attributes"":{""orientation"":""ALONG_WALL_NORMAL"",""mount_height_mm"":1100},""block_name"":""E_DIMMER""}",,{},2025-10-21 17:35:51.221556+00,2025-10-23 17:08:40.87884+00
6fd69bc5-de5c-473d-8b80-9e17f959ec51,COMPONENT,COMP-OUTLET-TV,TV outlet (coax),1.0.0,2025-10-21 17:35:51.221556+00,true,"{""tags"":[""TV"",""LOW_VOLTAGE""],""layer_out"":""E-LOWVOLT-GEN"",""attributes"":{""orientation"":""ALONG_WALL_NORMAL"",""mount_height_mm"":300},""block_name"":""E_OUTLET_TV""}",,{},2025-10-21 17:35:51.221556+00,2025-10-23 17:08:40.87884+00
77b0a8f7-7418-48b0-9ea8-c67c4faff624,COMPONENT,COMP-OVEN-3.0kW,Electric oven 3.0 kW,1.0.0,2025-10-21 17:35:51.221556+00,true,"{""tags"":[""KITCHEN"",""HEAVY_LOAD""],""layer_out"":""E-HEAVY-GEN"",""attributes"":{""orientation"":""ALONG_WALL_NORMAL"",""rated_power_w"":3000,""mount_height_mm"":900},""block_name"":""E_OVEN_3K0""}",,{},2025-10-21 17:35:51.221556+00,2025-10-23 17:08:40.87884+00
7942c8f1-bbe6-4d35-9f8d-20a9e80bc589,COMPONENT,COMP-OUTLET-20A-SINGLE,Single outlet 20A (dedicated),1.0.0,2025-10-21 17:35:51.221556+00,true,"{""tags"":[""OUTLET"",""DEDICATED""],""layer_out"":""E-OUTLET-GEN"",""attributes"":{""orientation"":""ALONG_WALL_NORMAL"",""load_va_default"":500,""mount_height_mm"":300,""rated_current_a"":20},""block_name"":""E_OUTLET_20A""}",,{},2025-10-21 17:35:51.221556+00,2025-10-23 17:08:40.87884+00
7df472a2-5c67-4800-af06-ce47005b4ec8,COMPONENT,COMP-DOWNLIGHT-9W,โคมไฟดาวน์ไลท์ LED 9W,1.0.0,2025-10-21 17:35:51.221556+00,true,"{""brand"":""Philips"",""lumens"":810,""power_w"":9,""subtype"":""downlight"",""layer_out"":""ELECTRICAL_LIGHTING"",""price_thb"":195,""attributes"":{""mount_type"":""recessed"",""mount_height_mm"":2700},""block_name"":""DOWNLIGHT_LED_9W"",""component_type"":""luminaire""}",,{},2025-10-21 17:35:51.221556+00,2025-11-20 19:43:06.158425+00
8139bf1b-19e7-40e5-a1b4-8ed1cc6accf8,APPLIANCE,APP008-KETTLE-1_7L,กาต้มน้ำไฟฟ้า 1.7 ลิตร,1.0.0,2025-11-20 15:29:09.93935+00,true,"{""notes"":""โหลดสูงระยะสั้น ต้องคำนึงถึงการรวมโหลดในครัว"",""phase"":""single"",""category"":""KITCHEN"",""voltage_v"":230,""max_power_w"":2200,""power_factor"":1,""appliance_code"":""APP008"",""appliance_name"":""กาต้มน้ำไฟฟ้า 1.7 ลิตร"",""duty_cycle_pct"":10,""typical_power_w"":1800,""recommended_breaker_a"":16,""recommended_circuit_type"":""receptacle"",""recommended_wire_size_mm2"":2.5}",,{},2025-11-20 15:29:09.93935+00,2025-11-20 19:43:06.158425+00
82d308ba-b3e8-4acd-b451-334ec2072011,ZONE_BUNDLE,BUNDLE-KITCHEN-OUTLET-v1,ชุดเต้ารับครัว,1.0.0,2025-10-21 19:46:17.237032+00,true,"{""component"":""COMP-OUTLET-16A"",""panelboard"":""DB-1"",""routing_rule"":""ROUTE-DEFAULT-CEILING"",""placement_rule"":""RULE-KITCHEN-OUTLET"",""circuit_template"":""CKT-OUTLET-01""}",,{},2025-10-21 19:46:17.237032+00,2025-11-20 19:43:06.158425+00
84fe1a04-fdd1-4408-a046-2b0dab14dccf,PLACEMENT_RULE,RULE-BATH-OUTLET,"Bathroom outlet (weatherproof, keep off wet zone)",1.0.0,2025-10-21 17:35:51.221556+00,true,"{""snap"":{""grid_mm"":50,""to_wall"":true},""avoid"":{""obstacles"":[""WET_ZONE"",""OPENING""],""clearance_mm"":{""OPENING"":300,""WET_ZONE"":1200}},""scope"":{""zone"":[""BATHROOM""]},""strategy"":""PERIMETER_ALONG_WALL"",""offsets_mm"":{""from_floor"":300,""from_corner"":200},""enforcement"":""HARD"",""component_id"":""COMP-OUTLET-WP"",""count_formula"":{""type"":""PER_LENGTH"",""L_unit_m"":4,""min_count"":1,""pcs_per_Lunit"":1},""min_spacing_mm"":1500,""validation_hooks"":[""VAL-CLEARANCE"",""VAL-LAYER-OUTLET""]}",,{},2025-10-21 17:35:51.221556+00,2025-10-23 17:08:40.87884+00
879f8206-6411-4315-91e3-587af9a53ddc,PLACEMENT_RULE,RULE-ROOM-OUTLET,General perimeter outlets,1.0.0,2025-10-21 17:35:51.221556+00,true,"{""snap"":{""grid_mm"":50,""to_wall"":true},""avoid"":{""obstacles"":[""COLUMN"",""OPENING""],""clearance_mm"":{""COLUMN"":200,""OPENING"":200}},""scope"":{""zone"":[""BEDROOM"",""LIVING"",""GENERAL""]},""strategy"":""PERIMETER_ALONG_WALL"",""tolerance"":{""wall_attach_max_mm"":60},""offsets_mm"":{""from_floor"":300,""from_corner"":200},""enforcement"":""SOFT"",""component_id"":""COMP-OUTLET-16A"",""count_formula"":{""type"":""PER_LENGTH"",""L_unit_m"":3,""min_count"":2,""pcs_per_Lunit"":1},""min_spacing_mm"":1200,""validation_hooks"":[""VAL-CLEARANCE"",""VAL-LAYER-OUTLET""]}",,{},2025-10-21 17:35:51.221556+00,2025-10-23 17:08:40.87884+00
8ab69146-708e-4069-8c1d-5db5488aaaac,CABLE_SPEC,CABLE-XLPE-10-MM2,สาย XLPE 1 x 10 sq.mm,1.0.0,2025-11-20 15:29:09.93935+00,true,"{""cable_id"":""CS005"",""material"":""CU"",""size_mm2"":10,""price_date"":""2025-01-01"",""insulation_type"":""XLPE"",""price_thb_per_m"":45,""weight_kg_per_m"":0.16,""outer_diameter_mm"":9,""standard_reference"":""IEC 60502-1"",""ampacity_free_air_a"":87,""reactance_ohm_per_km"":0.07,""ampacity_in_conduit_a"":64,""insulation_temp_rating_c"":90,""resistance_ohm_per_km_20c"":1.83}",,{},2025-11-20 15:29:09.93935+00,2025-11-20 19:43:06.158425+00
8ba34da3-4ebd-4a15-b3b6-a8942cb7ce1f,CABLE_SPEC,CABLE-VAF-2x2.5sqmm,VAF 2x2.5 mm² (flat),1.0.0,2025-10-21 17:35:51.221556+00,false,"{""cost"":{""vendor"":""Generic"",""currency"":""THB"",""cost_per_meter"":15},""properties"":{""insulation"":""VAF"",""alpha_per_C"":0.00393,""base_ampacity_a"":20,""resistance_ohm_per_km_20C"":6.9}}",,"{""deprecated"":true,""deprecated_at"":""2025-11-20T19:43:06.158425+00:00"",""deprecated_reason"":""incomplete CABLE_SPEC stub (missing key rating fields)""}",2025-10-21 17:35:51.221556+00,2025-11-20 19:43:06.158425+00
8c526e05-1bed-456f-a934-b7a3e14baaae,ZONE_BUNDLE,BUNDLE-BEDROOM-OUTLET-v1,ชุดเต้ารับห้องนอน,1.0.0,2025-11-19 18:57:13.956798+00,true,"{""component"":""COMP-OUTLET-16A"",""panelboard"":""DB-1"",""routing_rule"":""ROUTE-DEFAULT-CEILING"",""placement_rule"":""RULE-LIVING-OUTLET"",""circuit_template"":""CKT-OUTLET-01""}",,{},2025-11-19 18:57:13.956798+00,2025-11-20 19:43:06.158425+00
8de81270-217a-4c20-80a0-c11eab7e97c5,APPLIANCE,APP005-WASHER-8KG,เครื่องซักผ้า 8 กิโลกรัม,1.0.0,2025-11-20 15:29:09.93935+00,true,"{""notes"":""ควรอยู่ในโซนซักล้าง มีการระบายน้ำดี"",""phase"":""single"",""category"":""LAUNDRY"",""voltage_v"":230,""max_power_w"":800,""power_factor"":0.9,""appliance_code"":""APP005"",""appliance_name"":""เครื่องซักผ้า 8 kg"",""duty_cycle_pct"":30,""typical_power_w"":600,""recommended_breaker_a"":16,""recommended_circuit_type"":""receptacle"",""recommended_wire_size_mm2"":2.5}",,{},2025-11-20 15:29:09.93935+00,2025-11-20 19:43:06.158425+00
8f8d6124-4abe-4c0e-b488-66d56b6e2657,CIRCUIT_TEMPLATE,CKT-BATHROOM-01,วงจรห้องน้ำ 20A + RCBO,1.0.0,2025-11-19 18:57:13.956798+00,true,"{""pf"":""0.8"",""phase"":""single"",""breaker_a"":""20"",""diversity"":""1.0"",""panel_ref"":""DB-1"",""voltage_v"":""220"",""circuit_type"":""bathroom"",""max_vdrop_pct"":""3.0"",""protection_device"":""RCBO"",""rcbo_sensitivity_ma"":30}",,{},2025-11-19 18:57:13.956798+00,2025-11-20 19:43:06.158425+00
961ce0a8-b058-4047-ba08-7dd1ea18fd0b,DERATING_FACTOR,DERATE-THERMAL-INSULATION,Thermal Insulation Derating (DF004),1.0.0,2025-11-20 17:33:54.776379+00,true,"{""table"":[{""derating_factor"":1,""insulation_thickness_mm"":0},{""derating_factor"":0.85,""insulation_thickness_mm"":50},{""derating_factor"":0.75,""insulation_thickness_mm"":100},{""derating_factor"":0.6,""insulation_thickness_mm"":200}],""factor_id"":""DF004"",""description"":""ค่าลดเมื่อสายวิ่งผ่านฉนวนกันความร้อน"",""factor_name"":""Thermal Insulation Derating"",""derating_type"":""thermal_insulation"",""derating_value"":0.6,""standard_reference"":""IEC 60364-5-52""}",,{},2025-11-20 17:33:54.776379+00,2025-11-20 19:43:06.158425+00
97336351-4272-4baa-baed-fa987d015819,GEOMETRY_FILTER,GEOM-BATHROOM-ZONE,หลีกเลี่ยงการเดินท่อใน Zone 1 และ Zone 2 ของห้องน้ำ,1.0.0,2025-11-20 15:29:09.93935+00,true,"{""filter_id"":""GF004"",""avoid_zones"":[""BATHROOM_ZONE0"",""BATHROOM_ZONE1"",""BATHROOM_ZONE2""],""filter_name"":""Bathroom safe zones"",""routing_type"":""bathroom"",""exclude_entity"":[""BATHROOM_ZONE1"",""BATHROOM_ZONE2""],""include_entity"":[""BATHROOM_WALL"",""BATHROOM_CEILING""],""preferred_path"":[""ZONE3_ONLY""],""max_deviation_mm"":100}",,{},2025-11-20 15:29:09.93935+00,2025-11-20 19:43:06.158425+00
999cd4aa-4b72-4bcb-9d86-5ec78d3d6124,ROOM_TEMPLATE,RT-KITCHEN-STD,Template ห้องครัวมาตรฐาน,1.0.0,2025-11-20 15:29:09.93935+00,true,"{""room_name"":""Kitchen standard"",""room_type"":""kitchen"",""template_code"":""RT003"",""load_profile_hint"":""high"",""default_appliances"":[""APP002-FRIDGE-2DOOR"",""APP003-MICROWAVE-20L"",""APP007-RICE-COOKER-1L"",""APP008-KETTLE-1_7L""],""default_zone_bundles"":[""BUNDLE-KITCHEN-OUTLET-v1"",""BUNDLE-KITCHEN-LIGHT-v1""]}",,{},2025-11-20 15:29:09.93935+00,2025-11-20 19:43:06.158425+00
9a4fb29d-4fa3-4e5f-bfda-a5cba669e36c,CABLE_SPEC,CABLE-THW-2.5-MM2,สายเดี่ยว THW 1 x 2.5 sq.mm,1.0.0,2025-11-20 15:29:09.93935+00,true,"{""cable_id"":""CS002"",""material"":""CU"",""size_mm2"":2.5,""price_date"":""2025-01-01"",""insulation_type"":""PVC-THW"",""price_thb_per_m"":8.5,""weight_kg_per_m"":0.035,""outer_diameter_mm"":5.2,""standard_reference"":""TIS 11-2553"",""ampacity_free_air_a"":27,""reactance_ohm_per_km"":0.08,""ampacity_in_conduit_a"":24,""insulation_temp_rating_c"":70,""resistance_ohm_per_km_20c"":7.41}",,{},2025-11-20 15:29:09.93935+00,2025-11-20 19:43:06.158425+00
9b4674ea-930e-4abc-81b3-450a7713055e,QA_PLAN,TS-RES-STARTER,Golden drawings & expected counts,1.0.0,2025-10-21 17:35:51.221556+00,true,"{""expected"":{""gold_room_L.dxf"":{""count.COMP-OUTLET-16A"":5},""gold_bath_wet.dxf"":{""count.COMP-OUTLET-WP"":1},""gold_room_rect.dxf"":{""layer_ok"":true,""count.COMP-OUTLET-16A"":4},""gold_kitchen_sink.dxf"":{""count.COMP-OUTLET-16A"":4,""no_outlet_within_sink_600mm"":true}},""tolerance"":{""snap_mm"":50,""wall_attach_max_mm"":60},""golden_drawings"":[""gold_room_rect.dxf"",""gold_room_L.dxf"",""gold_kitchen_sink.dxf"",""gold_bath_wet.dxf""]}",,{},2025-10-21 17:35:51.221556+00,2025-10-23 17:08:40.87884+00
9d3c940f-2b6e-4362-9309-3fe2fca4cceb,VALIDATION_RULE,VAL-VD-230V,Voltage drop ≤ 3% (1φ),1.0.0,2025-10-21 17:35:51.221556+00,true,"{""logic"":{""check"":""voltage_drop_pct"",""value"":3,""operator"":""<=""},""formula"":{""type"":""VOLTAGE_DROP"",""phase"":""1P"",""requires"":[""I_a"",""L_m"",""R_ohm_per_km_20C"",""alpha_per_C"",""delta_T_C"",""V_v""]},""threshold_hint"":""use circuit.max_vdrop_pct if present; else STD-TH-2563.vd_limits_pct.branch_max_pct""}",,"{""ref_standard"":""STD-TH-2563""}",2025-10-21 17:35:51.221556+00,2025-10-23 17:08:40.87884+00
9ddb9527-e6de-4a84-80ea-aa61680d8f7e,GEOMETRY_FILTER,GEOM-WALL-CONDUIT,กรองเส้นทางท่อเดินตามผนัง,1.0.0,2025-11-20 15:29:09.93935+00,true,"{""filter_id"":""GF002"",""avoid_zones"":[""OPENING"",""STRUCT_COLUMN""],""filter_name"":""Wall conduit routing"",""routing_type"":""wall_conduit"",""exclude_entity"":[""WINDOW"",""DOOR"",""COLUMN""],""include_entity"":[""WALL_AXIS"",""WALL_FACE""],""preferred_path"":[""WALL_AXIS""],""max_deviation_mm"":50}",,{},2025-11-20 15:29:09.93935+00,2025-11-20 19:43:06.158425+00
9e96f7a9-46b8-4516-868d-855027842cb7,PLACEMENT_RULE,RULE-DOOR-SWITCH,"Switch near door jamb, H=1100 mm",1.0.0,2025-10-21 17:35:51.221556+00,true,"{""snap"":{""grid_mm"":50,""to_wall"":true},""avoid"":{""obstacles"":[""OPENING""],""clearance_mm"":{""OPENING"":100}},""scope"":{""zone"":[""BEDROOM"",""LIVING"",""KITCHEN"",""OFFICE""]},""strategy"":""DOOR_SWITCH"",""offsets_mm"":{""from_jamb"":150,""from_floor"":1100},""enforcement"":""SOFT"",""component_id"":""COMP-SW-1WAY"",""min_spacing_mm"":300,""validation_hooks"":[""VAL-LAYER-SWITCH""]}",,{},2025-10-21 17:35:51.221556+00,2025-10-23 17:08:40.87884+00
9ec90318-6b83-48ec-985f-a05ae043f9c4,PLACEMENT_RULE,RULE-BATHROOM-OUTLET,กติกาวางเต้ารับห้องน้ำ,1.0.0,2025-11-19 18:57:13.956798+00,true,"{""placement"":{""room_type"":[""bathroom""],""gfci_required"":true,""min_ip_rating"":""IP44"",""min_distance_from_water_mm"":600},""enforcement"":""HARD"",""component_id"":""COMP-OUTLET-WATERPROOF""}",,{},2025-11-19 18:57:13.956798+00,2025-11-20 19:43:06.158425+00
a245747b-2a05-4b31-a7a1-74e92ae74fcf,COMPONENT,COMP-JUNCTION-BOX,Junction box (ceiling),1.0.0,2025-10-21 17:35:51.221556+00,true,"{""tags"":[""BOX"",""CEILING_DEVICE""],""layer_out"":""E-BOX-GEN"",""attributes"":{""orientation"":""CEILING_POINT"",""mount_height_mm"":2600},""block_name"":""E_BOX_JB""}",,{},2025-10-21 17:35:51.221556+00,2025-10-23 17:08:40.87884+00
a40eb85d-1054-47eb-ada0-ed53f9b83726,VALIDATION_RULE,VAL-VD-400V-3P,Voltage drop ≤ limit (3φ 400V),1.0.0,2025-10-21 17:35:51.221556+00,true,"{""logic"":{""check"":""voltage_drop_pct"",""value"":5,""operator"":""<=""},""formula"":{""note"":""approx R-only; include X if available"",""type"":""VOLTAGE_DROP_3P"",""phase"":""3P"",""optional"":[""X_ohm_per_km""],""requires"":[""I_a"",""L_m"",""R_ohm_per_km_20C"",""alpha_per_C"",""delta_T_C"",""V_ll""]},""threshold_hint"":""use circuit.max_vdrop_pct if present; else STD-TH-2563.vd_limits_pct.feeder_max_pct""}",,"{""ref_standard"":""STD-TH-2563""}",2025-10-21 17:35:51.221556+00,2025-10-23 17:08:40.87884+00
a41a4ca9-9b56-4b0c-96be-e1cce217b22d,CIRCUIT_TEMPLATE,CKT-AC-01,Air conditioner 1.1 kW,1.0.0,2025-10-21 17:35:51.221556+00,true,"{""pf"":0.95,""phase"":""1P"",""assign"":{""zone"":[""BEDROOM"",""LIVING""],""component_tags"":[""HVAC"",""HEAVY_LOAD""]},""breaker_a"":16,""diversity"":1,""panel_ref"":""DB-1"",""voltage_v"":230,""target_cable"":{""insulation"":""THW"",""suggest_size_sqmm"":2.5},""max_vdrop_pct"":3}",,{},2025-10-21 17:35:51.221556+00,2025-10-23 17:08:40.87884+00
aaa8f10c-5c98-4bba-a853-f4ae669e2d02,COMPONENT,COMP-INDUCTION-3.5kW,Induction hob 3.5 kW,1.0.0,2025-10-21 17:35:51.221556+00,true,"{""tags"":[""KITCHEN"",""HEAVY_LOAD""],""layer_out"":""E-HEAVY-GEN"",""attributes"":{""orientation"":""WORKTOP_ALONG_WALL"",""rated_power_w"":3500,""mount_height_mm"":900},""block_name"":""E_HOB_3K5""}",,{},2025-10-21 17:35:51.221556+00,2025-10-23 17:08:40.87884+00
b056fadd-1dc4-418d-8347-7aae01ac79cb,ZONE_BUNDLE,BUNDLE-KITCHEN-LIGHT-v1,ชุดไฟครัว,1.0.0,2025-11-19 18:57:13.956798+00,true,"{""component"":""COMP-CEILING-24W"",""panelboard"":""DB-1"",""routing_rule"":""ROUTE-DEFAULT-CEILING"",""placement_rule"":""RULE-ROOM-LIGHTING"",""circuit_template"":""CKT-LIGHT-01""}",,{},2025-11-19 18:57:13.956798+00,2025-11-20 19:43:06.158425+00
b2cb8235-3a3f-4ad7-8e5a-14f9b8e7a8f3,GEOMETRY_FILTER,FILTER-WALLS,Whitelist entities for walls,1.0.0,2025-10-21 17:35:51.221556+00,true,"{""exclude_entity"":[""TEXT"",""MTEXT"",""DIMENSION"",""HATCH""],""include_entity"":[""LINE"",""LWPOLYLINE"",""ARC""]}",,{},2025-10-21 17:35:51.221556+00,2025-10-23 17:08:40.87884+00
b36311f6-bf28-4efe-97d7-99b332bd2c44,CIRCUIT_TEMPLATE,CKT-OUTLET-01,General outlet circuit,1.0.0,2025-10-21 17:35:51.221556+00,true,"{""pf"":""0.8"",""phase"":""single"",""breaker_a"":""20"",""diversity"":""0.75"",""panel_ref"":""DB-1"",""voltage_v"":""220"",""max_outlets"":10,""circuit_type"":""receptacle"",""max_vdrop_pct"":""3.0""}",,{},2025-10-21 17:35:51.221556+00,2025-11-20 19:43:06.158425+00
b8b5b538-7b7b-4b5d-b1cd-b65f0bd0e673,VALIDATION_RULE,VAL-LAYER-SWITCH,Placed on switch layer,1.0.0,2025-10-21 17:35:51.221556+00,true,"{""logic"":{""check"":""on_layer"",""value"":""E-SWITCH-GEN"",""operator"":""==""}}",,{},2025-10-21 17:35:51.221556+00,2025-10-23 17:08:40.87884+00
bace034e-e0c0-4cd8-922e-ced3e8e7a95b,CABLE_SPEC,CABLE-THW-4.0-MM2,สายเดี่ยว THW 1 x 4.0 sq.mm,1.0.0,2025-11-20 17:33:54.776379+00,true,"{""cable_id"":""CS004"",""material"":""CU"",""size_mm2"":4,""price_date"":""2025-01-01"",""insulation_type"":""PVC-THW"",""price_thb_per_m"":13,""weight_kg_per_m"":0.05,""outer_diameter_mm"":6.1,""standard_reference"":""TIS 11-2553"",""ampacity_free_air_a"":36,""reactance_ohm_per_km"":0.08,""ampacity_in_conduit_a"":32,""insulation_temp_rating_c"":70,""resistance_ohm_per_km_20c"":4.61}",,{},2025-11-20 17:33:54.776379+00,2025-11-20 19:43:06.158425+00
bd277932-985b-4471-8b70-1af5cf6e88b7,COMPONENT,COMP-PUMP-750W,Water pump 0.75 kW,1.0.0,2025-10-21 17:35:51.221556+00,true,"{""tags"":[""PUMP"",""HEAVY_LOAD""],""layer_out"":""E-HEAVY-GEN"",""attributes"":{""orientation"":""FLOOR_POINT"",""rated_power_w"":750,""mount_height_mm"":0},""block_name"":""E_PUMP_750W""}",,{},2025-10-21 17:35:51.221556+00,2025-10-23 17:08:40.87884+00
bf6312ad-aa6d-48cb-88f4-46bcca2d1fbe,CIRCUIT_TEMPLATE,CKT-LIGHT-01,General lighting circuit,1.0.0,2025-10-21 17:35:51.221556+00,true,"{""pf"":""0.95"",""phase"":""single"",""breaker_a"":""16"",""diversity"":""0.70"",""panel_ref"":""DB-1"",""voltage_v"":""220"",""circuit_type"":""lighting"",""max_vdrop_pct"":""3.0"",""max_luminaires"":20}",,{},2025-10-21 17:35:51.221556+00,2025-11-20 19:43:06.158425+00
c0796503-ae14-4e6d-bc9c-445ffb4cfcd6,VALIDATION_RULE,VAL-LAYER-OUTLET,Placed on outlet layer,1.0.0,2025-10-21 17:35:51.221556+00,true,"{""logic"":{""check"":""on_layer"",""value"":""E-OUTLET-GEN"",""operator"":""==""}}",,{},2025-10-21 17:35:51.221556+00,2025-10-23 17:08:40.87884+00
c2fa1dd6-7fc9-49e1-9ba7-bfa59a67faec,ROUTING_RULE,ROUTE-DEFAULT-CEILING,"Use ceiling tray; avoid openings; EMT 1/2"" default",1.0.0,2025-10-21 17:35:51.221556+00,true,"{""allowed_path"":[""ceiling_tray"",""cable_ladder""],""output_layers"":{""cable"":""CABLE_CEILING"",""conduit"":""CONDUIT_CEILING""},""graph_from_layers"":[""CEILING_GRID""],""min_bend_radius_mm"":""150"",""max_conduit_fill_pct"":""40""}",,{},2025-10-21 17:35:51.221556+00,2025-11-20 19:43:06.158425+00
c3234750-6f5b-4278-b4b3-06b1ec45a6d4,CIRCUIT_TEMPLATE,CKT-KITCHEN-HEAVY,Kitchen heavy loads,1.0.0,2025-10-21 17:35:51.221556+00,true,"{""pf"":1,""phase"":""1P"",""assign"":{""zone"":[""KITCHEN""],""component_tags"":[""KITCHEN"",""HEAVY_LOAD""]},""breaker_a"":20,""diversity"":0.8,""panel_ref"":""DB-1"",""voltage_v"":230,""target_cable"":{""insulation"":""THW"",""suggest_size_sqmm"":4},""max_vdrop_pct"":3}",,{},2025-10-21 17:35:51.221556+00,2025-10-23 17:08:40.87884+00
c38f3c14-a3a6-40b6-9ee5-2787339dd33f,QA_PLAN,QA-INSTALL-QUALITY,แผนตรวจสอบคุณภาพการติดตั้งหน้างาน,1.0.0,2025-11-20 15:29:09.93935+00,true,"{""qa_id"":""QA002"",""scope"":""site_installation"",""expected"":{""visual_defect"":""none"",""labeling_complete"":true,""earthing_continuity_ok"":true},""checklist"":[""สายไม่บิด งอ หรือบาดคม"",""ท่อและรางเดินได้ระดับและยึดระยะห่างตามสเปก"",""มีการทำป้าย Label เบรกเกอร์และ DB ครบ"",""ค่าความต้านทานดินอยู่ในเกณฑ์"",""อุปกรณ์ป้องกันทำงานตามฟังก์ชัน (ทดสอบ RCD/RCBO)""],""plan_name"":""Installation quality checklist"",""tolerance"":{""earth_resistance_ohm"":""<=5""},""pass_criteria"":""ผ่านทุกหัวข้อที่กำหนดเป็น MUST-HAVE"",""golden_drawings"":[""DWG-LAYOUT-LIGHTING"",""DWG-LAYOUT-POWER""]}",,{},2025-11-20 15:29:09.93935+00,2025-11-20 19:43:06.158425+00
c3bd587c-eb83-4370-bf7d-84347d47d3a1,APPLIANCE,APP011-WATER-PUMP-1HP,ปั๊มน้ำ 1 HP,1.0.0,2025-11-20 17:33:54.776379+00,true,"{""notes"":""มาจาก APPLIANCES_CATALOG: water_pump 1HP, usage ~2h/day"",""category"":""UTILITY"",""voltage_v"":220,""subcategory"":""water_pump"",""appliance_code"":""APP011"",""appliance_name"":""ปั๊มน้ำ 1 HP"",""typical_power_w"":746}",,{},2025-11-20 17:33:54.776379+00,2025-11-20 19:43:06.158425+00
c461cb85-d44f-4a48-b60a-1bfb14957a71,CABLE_SPEC,CABLE-XLPE-10.0-MM2,สายไฟ XLPE 10.0 ตร.มม.,1.0.0,2025-11-20 18:30:04.408195+00,true,"{""cable_id"":""CS005"",""material"":""copper"",""size_mm2"":10,""cable_name"":""XLPE 10 mm²"",""price_date"":""2025-11-15"",""insulation_type"":""Cross-linked Polyethylene (XLPE)"",""price_thb_per_m"":35,""weight_kg_per_m"":0.145,""outer_diameter_mm"":9.5,""standard_reference"":""IEC 60502"",""ampacity_free_air_a"":75,""reactance_ohm_per_km"":0.065,""ampacity_in_conduit_a"":64,""insulation_temp_rating_c"":90,""resistance_ohm_per_km_20c"":1.83}",,"{""tags"":[""residential"",""feeder"",""xlpe""],""source_ref"":""ไฟล์อุปกรณ์ไฟฟ้า (XLPE)"",""manufacturer"":""Generic""}",2025-11-20 18:30:04.408195+00,2025-11-20 19:43:06.158425+00
c4872d6e-adcb-45e8-91b4-a094c1f04e50,ROOM_TEMPLATE,RT006-LAUNDRY-ROOM,Template ห้องซักผ้า,1.0.0,2025-11-20 18:30:04.408195+00,true,"{""base_load"":{""lighting_per_sqm_w"":15,""receptacles_max_spacing_m"":3.6,""receptacles_count_per_room"":4},""room_type"":""laundry_room"",""compliance"":{""require_rcbo"":true,""min_receptacles"":2,""rcbo_sensitivity_ma"":30,""max_voltage_drop_percent"":3},""template_id"":""RT006"",""display_name"":""ห้องซักผ้า"",""standard_reference"":""แนวทางติดตั้งโหลดซักผ้า / อบผ้า"",""typical_appliances"":[{""name"":""เครื่องซักผ้า 8 kg"",""optional"":false,""appliance_id"":""APP012""},{""name"":""เครื่องอบผ้า 4,000W"",""optional"":true,""appliance_id"":""APP013""}]}",,"{""tags"":[""room_template"",""laundry""],""source_ref"":""ไฟล์อุปกรณ์ไฟฟ้า (ROOM_TEMPLATE laundry_room)""}",2025-11-20 18:30:04.408195+00,2025-11-20 19:43:06.158425+00
c6d60af3-e2b5-4d59-b015-e024c9fb68c4,PLACEMENT_RULE,RULE-ROOM-LIGHTING,Lighting grid by target lux,1.0.0,2025-10-21 17:35:51.221556+00,true,"{""placement"":{""align_to"":""room_center"",""room_type"":[""all""],""spacing_m"":2.5},""enforcement"":""SOFT"",""component_id"":""COMP-CEILING-24W""}",,{},2025-10-21 17:35:51.221556+00,2025-11-20 19:43:06.158425+00
c6f1ce19-6498-4fc8-a72f-704c1ab9cbff,CABLE_SPEC,IEC-60502-3C-25sqmm,,1.0.0,2025-10-20 20:06:56.164698+00,false,"{""cost"":{""vendor"":""Example Cables"",""currency"":""THB"",""cost_per_meter"":280},""properties"":{""insulation"":""XLPE"",""base_ampacity"":120,""resistance_ohm_per_km"":0.85}}",,"{""tags"":[""XLPE"",""3-CORE""],""units"":{""resistance"":""ohm/km""},""source"":{""standard"":""IEC 60502""},""deprecated"":true,""deprecated_at"":""2025-11-20T19:43:06.158425+00:00"",""deprecated_reason"":""incomplete CABLE_SPEC stub (missing key rating fields)""}",2025-10-21 17:22:24.917515+00,2025-11-20 19:43:06.158425+00
c7fab4f5-7ea9-48fe-94a2-024431608b79,APPLIANCE,APP004-AIR-9000BTU,"เครื่องปรับอากาศ 9,000 BTU",1.0.0,2025-11-20 15:29:09.93935+00,true,"{""notes"":""ควรมีวงจรเฉพาะสำหรับแต่ละเครื่อง"",""phase"":""single"",""category"":""AIR_CONDITIONING"",""voltage_v"":230,""max_power_w"":1100,""power_factor"":0.95,""appliance_code"":""APP004"",""appliance_name"":""แอร์ 9,000 BTU"",""duty_cycle_pct"":60,""typical_power_w"":850,""recommended_breaker_a"":16,""recommended_circuit_type"":""dedicated"",""recommended_wire_size_mm2"":2.5}",,{},2025-11-20 15:29:09.93935+00,2025-11-20 19:43:06.158425+00
cbb0c16b-12bd-4dfd-ba07-2ea00c519138,ROOM_TEMPLATE,RT005-UTILITY-ROOM,Template ห้องยูทิลิตี้ / ปั๊มน้ำ,1.0.0,2025-11-20 18:30:04.408195+00,true,"{""base_load"":{""lighting_per_sqm_w"":12,""receptacles_max_spacing_m"":3.6,""receptacles_count_per_room"":2},""room_type"":""utility_room"",""compliance"":{""require_rcbo"":true,""min_receptacles"":1,""rcbo_sensitivity_ma"":30,""max_voltage_drop_percent"":3},""template_id"":""RT005"",""display_name"":""ห้องยูทิลิตี้ / ปั๊มน้ำ"",""standard_reference"":""การติดตั้งอุปกรณ์สาธารณูปโภคพื้นฐาน"",""typical_appliances"":[{""name"":""ปั๊มน้ำ 1 HP"",""optional"":false,""appliance_id"":""APP011""}]}",,"{""tags"":[""room_template"",""utility""],""source_ref"":""ไฟล์อุปกรณ์ไฟฟ้า (ROOM_TEMPLATE utility_room)""}",2025-11-20 18:30:04.408195+00,2025-11-20 19:43:06.158425+00
cbe85f6c-3b6c-4109-af7e-40916fd2b403,ROOM_TEMPLATE,RT-BEDROOM-STD,Template ห้องนอนมาตรฐาน,1.0.0,2025-11-20 15:29:09.93935+00,true,"{""room_name"":""Bedroom standard"",""room_type"":""bedroom"",""template_code"":""RT001"",""load_profile_hint"":""medium"",""default_appliances"":[""APP001-TV-55IN"",""APP009-PC-GAMING""],""default_zone_bundles"":[""BUNDLE-BEDROOM-OUTLET-v1"",""BUNDLE-BEDROOM-LIGHT-v1""]}",,{},2025-11-20 15:29:09.93935+00,2025-11-20 19:43:06.158425+00
ce2997d2-582d-47c2-a49c-401354d327cc,ZONE_BUNDLE,BUNDLE-BEDROOM-LIGHT-v1,ชุดไฟห้องนอน,1.0.0,2025-11-19 18:57:13.956798+00,true,"{""component"":""COMP-DOWNLIGHT-9W"",""panelboard"":""DB-1"",""routing_rule"":""ROUTE-DEFAULT-CEILING"",""placement_rule"":""RULE-ROOM-LIGHTING"",""circuit_template"":""CKT-LIGHT-01""}",,{},2025-11-19 18:57:13.956798+00,2025-11-20 19:43:06.158425+00
d373de3d-8a43-4251-9c13-fb88d4556b3c,GEOMETRY_FILTER,GEOM-CEILING-ROUTING,กรองเส้นทางเดินสายบนฝ้าเพดาน,1.0.0,2025-11-20 15:29:09.93935+00,true,"{""filter_id"":""GF001"",""avoid_zones"":[""NO-ROUTE-ZONE""],""filter_name"":""Ceiling routing"",""routing_type"":""ceiling"",""exclude_entity"":[""STRUCT_COLUMN"",""STRUCT_BEAM"",""SKYLIGHT""],""include_entity"":[""CEILING_GRID"",""CABLE_TRAY"",""CABLE_LADDER""],""preferred_path"":[""CEILING_GRID"",""CABLE_TRAY""],""max_deviation_mm"":300}",,{},2025-11-20 15:29:09.93935+00,2025-11-20 19:43:06.158425+00
d3ad460c-b4e3-4e7f-811c-a2f3da7be1fb,ZONE_BUNDLE,BUNDLE-BATHROOM-OUTLET-v1,ชุดเต้ารับห้องน้ำ,1.0.0,2025-11-19 18:57:13.956798+00,true,"{""component"":""COMP-OUTLET-WATERPROOF"",""panelboard"":""DB-1"",""routing_rule"":""ROUTE-DEFAULT-CEILING"",""placement_rule"":""RULE-BATHROOM-OUTLET"",""circuit_template"":""CKT-BATHROOM-01""}",,{},2025-11-19 18:57:13.956798+00,2025-11-20 19:43:06.158425+00
d5f6f52b-362e-479f-88cf-7b08ade13544,COMPONENT,COMP-OUTLET-WP,Weatherproof outlet (IP54),1.0.0,2025-10-21 17:35:51.221556+00,true,"{""tags"":[""OUTDOOR"",""OUTLET"",""WEATHERPROOF""],""layer_out"":""E-OUTLET-GEN"",""attributes"":{""orientation"":""ALONG_WALL_NORMAL"",""load_va_default"":200,""mount_height_mm"":300,""rated_current_a"":16},""block_name"":""E_OUTLET_WP""}",,{},2025-10-21 17:35:51.221556+00,2025-10-23 17:08:40.87884+00
d671a229-085c-47d2-b427-238046ee0451,PLACEMENT_RULE,RULE-KITCHEN-OUTLET,Kitchen perimeter outlets,1.0.0,2025-10-21 17:35:51.221556+00,true,"{""placement"":{""room_type"":[""kitchen""],""max_spacing_m"":1.2,""min_spacing_m"":0.6,""mount_location"":""above_countertop"",""min_distance_from_sink_mm"":300},""enforcement"":""HARD"",""component_id"":""COMP-OUTLET-16A""}",,{},2025-10-21 17:35:51.221556+00,2025-11-20 19:43:06.158425+00
d6edff8e-7cd7-4569-a81a-e639e0f90a36,APPLIANCE,APP002-FRIDGE-2DOOR,ตู้เย็น 2 ประตู 10 คิว,1.0.0,2025-11-20 15:29:09.93935+00,true,"{""notes"":""ควรใช้เต้ารับเฉพาะวงจรเดียวในครัว"",""phase"":""single"",""category"":""REFRIGERATOR"",""voltage_v"":230,""max_power_w"":300,""power_factor"":0.85,""appliance_code"":""APP002"",""appliance_name"":""ตู้เย็น 2 ประตู 10 คิว"",""duty_cycle_pct"":40,""typical_power_w"":180,""recommended_breaker_a"":16,""recommended_circuit_type"":""receptacle"",""recommended_wire_size_mm2"":2.5}",,{},2025-11-20 15:29:09.93935+00,2025-11-20 19:43:06.158425+00
d7bbce05-91f7-4eec-ab88-b265ebeb88b7,APPLIANCE,APP012-WASHER-8KG,เครื่องซักผ้า 8 kg,1.0.0,2025-11-20 17:33:54.776379+00,true,"{""notes"":""มาจาก APPLIANCES_CATALOG: washer 8kg, 15 kWh/month"",""category"":""LAUNDRY"",""voltage_v"":220,""subcategory"":""washing_machine"",""appliance_code"":""APP012"",""appliance_name"":""เครื่องซักผ้า 8 kg"",""typical_power_w"":500}",,{},2025-11-20 17:33:54.776379+00,2025-11-20 19:43:06.158425+00
db386810-a055-4aae-a3fa-5332c207d383,COMPONENT,COMP-SWITCH-1GANG,สวิตช์ 1 ทาง,1.0.0,2025-11-19 18:57:13.956798+00,true,"{""brand"":""Panasonic"",""subtype"":""toggle"",""layer_out"":""ELECTRICAL_SWITCHES"",""price_thb"":35,""attributes"":{""width"":86,""height"":86,""mount_type"":""flush_mount"",""mount_height_mm"":1200},""block_name"":""SWITCH_1GANG"",""component_type"":""switch"",""current_rating_a"":16,""voltage_rating_v"":220}",,{},2025-11-19 18:57:13.956798+00,2025-11-20 19:43:06.158425+00
ddf6e571-65dc-4665-894c-4f3ca794951e,COMPONENT,COMP-SURFACE-BOX,Surface box,1.0.0,2025-10-21 17:35:51.221556+00,true,"{""tags"":[""BOX"",""WALL_DEVICE""],""layer_out"":""E-BOX-GEN"",""attributes"":{""orientation"":""ALONG_WALL_NORMAL"",""mount_height_mm"":300},""block_name"":""E_BOX_SURFACE""}",,{},2025-10-21 17:35:51.221556+00,2025-10-23 17:08:40.87884+00
df0b78c4-44cd-4341-9262-fdbabb64892f,COMPONENT,COMP-CEILING-FAN-60W,Ceiling fan 60 W,1.0.0,2025-10-21 17:35:51.221556+00,true,"{""tags"":[""FAN"",""CEILING_DEVICE""],""layer_out"":""E-LIGHT-GEN"",""attributes"":{""orientation"":""CEILING_POINT"",""rated_power_w"":60,""mount_height_mm"":2600},""block_name"":""E_CEILING_FAN_60W""}",,{},2025-10-21 17:35:51.221556+00,2025-10-23 17:08:40.87884+00
e0e3e464-7751-4869-a734-bd46c23dd0cb,DERATING_FACTOR,DERATE-BUNDLE-3CIR,3 loaded circuits bundled,1.0.0,2025-10-21 17:35:51.221556+00,false,"{""scope"":{""insulation"":""THW""},""conditions"":{""bundled_circuits"":3},""source_ref"":""IEC 60364 B.52"",""derating_value"":0.9}",,"{""deprecated"":true,""deprecated_at"":""2025-11-20T19:43:06.158425+00:00"",""deprecated_reason"":""legacy derating row, superseded by DF001–DF004""}",2025-10-21 17:35:51.221556+00,2025-11-20 19:43:06.158425+00
e4e00885-987a-4c50-b618-abf74c71d887,COMPONENT,COMP-OUTLET-WATERPROOF,เต้ารับกันน้ำ IP65,1.0.0,2025-11-19 18:57:13.956798+00,true,"{""brand"":""Panasonic"",""model"":""WEV2391"",""subtype"":""weatherproof"",""grounding"":true,""ip_rating"":""IP65"",""layer_out"":""ELECTRICAL_OUTLETS"",""price_thb"":285,""attributes"":{""depth"":65,""width"":100,""height"":100,""mount_type"":""surface_mount"",""mount_height_mm"":300},""block_name"":""OUTLET_WATERPROOF_IP65"",""component_type"":""receptacle"",""current_rating_a"":16,""voltage_rating_v"":220}",,{},2025-11-19 18:57:13.956798+00,2025-11-20 19:43:06.158425+00
e5e062c8-6c73-41b2-a69b-e61256a1e5c4,QA_PLAN,QA-DESIGN-COMPLETE-RES,แผนตรวจสอบแบบระบบไฟฟ้าอาคารพักอาศัย,1.0.0,2025-11-20 15:29:09.93935+00,true,"{""qa_id"":""QA001"",""scope"":""residential"",""expected"":{""max_circuit_load_pct"":80,""max_voltage_drop_pct"":3,""min_ip_rating_bathroom"":""IP44""},""checklist"":[""ทุกห้องมีเต้ารับระยะห่างไม่เกินข้อกำหนด"",""ห้องน้ำใช้เต้ารับกันน้ำและอยู่นอกโซนเปียก"",""โหลดเบรกเกอร์แต่ละวงจรไม่เกิน 80% ของพิกัด"",""มี SLD แสดงจุดจ่ายไฟและขนาดสายครบถ้วน""],""plan_name"":""Residential design completeness"",""tolerance"":{""circuit_load_pct"":""<=80.0"",""voltage_drop_pct"":""<=3.0""},""pass_criteria"":""ไม่มีข้อผิดพลาดระดับ ERROR และข้อ WARNING ไม่เกินเกณฑ์ที่กำหนด"",""golden_drawings"":[""DWG-LAYOUT-LIGHTING"",""DWG-LAYOUT-POWER"",""DWG-SLD-MAIN""]}",,{},2025-11-20 15:29:09.93935+00,2025-11-20 19:43:06.158425+00
e89ec8b6-538d-47c2-ab05-9696548cee98,DEVICE_PROFILE,DEV-REFRIGERATOR-01,Refrigerator 2-door profile,1.0.0,2025-10-21 17:44:03.094661+00,true,"{""name"":""ตู้เย็น 2 ประตู"",""device_id"":""refrigerator_01"",""outlet_type"":""grounded"",""power_watts"":150,""required_circuit"":""dedicated"",""clearance_requirements"":{""top"":""100mm"",""left"":""50mm"",""right"":""50mm""}}",,{},2025-10-21 17:44:03.094661+00,2025-10-23 17:08:40.87884+00
f0c6cf0b-ce99-4dc4-a591-debda5afe38d,COMPONENT,COMP-LOAD-CENTER,Load center / Consumer unit,1.0.0,2025-10-21 17:35:51.221556+00,true,"{""tags"":[""SERVICE_ENTRANCE"",""PANEL_DEVICE""],""layer_out"":""E-PANEL-GEN"",""attributes"":{""orientation"":""ALONG_WALL_NORMAL"",""mount_height_mm"":1600,""rated_current_a"":100},""block_name"":""E_LOAD_CENTER""}",,{},2025-10-21 17:35:51.221556+00,2025-10-23 17:08:40.87884+00
f1f5e8e6-b199-4115-bb77-75a6a53f2481,CABLE_SPEC,CABLE-THW-1C-4.0sqmm,THW 1C 4.0 mm² Cu,1.0.0,2025-10-21 17:35:51.221556+00,false,"{""cost"":{""vendor"":""Generic"",""currency"":""THB"",""cost_per_meter"":18},""properties"":{""insulation"":""THW"",""alpha_per_C"":0.00393,""base_ampacity_a"":32,""resistance_ohm_per_km_20C"":4.31}}",,"{""deprecated"":true,""deprecated_at"":""2025-11-20T19:43:06.158425+00:00"",""deprecated_reason"":""incomplete CABLE_SPEC stub (missing key rating fields)""}",2025-10-21 17:35:51.221556+00,2025-11-20 19:43:06.158425+00
f22e8114-ac75-4bdc-9711-4990bb837912,ROOM_TEMPLATE,ROOMT-SWIMMING-POOL,Template: สระว่ายน้ำ (Swimming Pool),1.0.0,2025-11-20 20:40:17.489491+00,true,"{""room_type"":""swimming_pool"",""compliance"":{""bonding_points"":[""pool_reinforcing_steel"",""metal_pool_shell"",""metal_fittings"",""metal_handrails"",""metal_ladders"",""metal_diving_board"",""pump_motor"",""metal_conduit"",""pool_water_via_bonding_lug""],""bonding_required"":true,""gfci_test_monthly"":true,""gfci_sensitivity_ma"":30,""transformer_location"":""min_1.5m_from_pool_outside_zone_2"",""bonding_grid_required"":true,""gfci_protection_required"":true,""overhead_clearance_min_m"":7.5,""bonding_conductor_min_mm2"":6,""emergency_shutoff_accessible"":true,""transformer_isolation_required"":true,""underwater_lighting_max_voltage_v"":12,""grounding_electrode_system_required"":true,""receptacles_min_distance_from_pool_m"":3},""template_id"":""RT_POOL001"",""display_name"":""สระว่ายน้ำ (Swimming Pool)"",""building_type"":""residential_commercial"",""safety_features"":{""shutoff_location"":""visible_from_pool_min_1.5m_away"",""signage_required"":true,""no_diving_depth_warning"":true,""emergency_shutoff_switch"":true,""annual_inspection_required"":true,""bonding_verification_test_required"":true},""electrical_design"":{""wire_type"":""THWN_wet_location"",""conduit_type"":""PVC_schedule_40_underground"",""burial_depth_min_mm"":450,""circuit_pool_pump_a"":20,""main_panel_rating_a"":100,""circuit_pool_heater_a"":32,""dedicated_circuits_required"":true,""circuit_lighting_12v_transformer_a"":15},""typical_equipment"":[{""name"":""Pool Pump 2HP"",""phase"":""single"",""power_kw"":1.5,""voltage_v"":220,""equipment_id"":""EQ_POOL001"",""power_factor"":0.8,""gfci_required"":true,""cord_connected"":false,""installation_zone"":""zone_1"",""hard_wired_required"":true,""requires_dedicated_circuit"":true,""min_distance_from_pool_edge_m"":3},{""name"":""Underwater LED Light 12V"",""phase"":""single"",""power_w"":35,""ip_rating"":""IPX8"",""voltage_v"":12,""equipment_id"":""EQ_POOL002"",""installation_zone"":""zone_0"",""transformer_location"":""outside_zone_2"",""transformer_required"":true,""transformer_rating_va"":300},{""name"":""Pool Heater Electric 18kW"",""phase"":3,""power_kw"":18,""voltage_v"":380,""equipment_id"":""EQ_POOL003"",""installation_zone"":""outside_zone_2"",""min_distance_from_pool_m"":5,""requires_dedicated_circuit"":true},{""name"":""Pool Cleaner Robotic"",""power_w"":180,""voltage_v"":220,""equipment_id"":""EQ_POOL004"",""gfci_required"":true,""transformer_to_24v"":true},{""name"":""Saltwater Chlorinator"",""power_w"":250,""voltage_v"":220,""equipment_id"":""EQ_POOL005"",""gfci_required"":true,""installation_zone"":""outside_zone_2"",""requires_dedicated_circuit"":true}],""standard_reference"":""NEC Article 680, IEC 60364-7-702"",""zone_classification"":{""zone_0"":{""ac_dc"":""AC SELV or DC"",""description"":""Interior of pool, within 2.5m from pool edge, up to 2.5m height"",""ip_rating_min"":""IPX8"",""max_voltage_v"":12,""equipment_allowed"":[""underwater_lighting_12V""]},""zone_1"":{""description"":""Above zone 0, within 2.5m from pool edge, up to 2.5m height"",""ip_rating_min"":""IPX5"",""max_voltage_v"":25,""equipment_allowed"":[""lighting_IP65"",""pump_dedicated""]},""zone_2"":{""description"":""Within 1.5m from zone 1 boundary"",""gfci_required"":true,""ip_rating_min"":""IPX4"",""max_voltage_v"":220,""gfci_sensitivity_ma"":30}}}",,"{""tags"":[""phase3"",""room_template"",""swimming_pool""],""source"":""phase3_enterprise_doc""}",2025-11-20 20:40:17.489491+00,2025-11-20 20:40:17.489491+00
f2823489-6a75-43b0-a74f-3406e322fd86,ZONE_BUNDLE,BUNDLE-BATHROOM-LIGHT-v1,ชุดไฟห้องน้ำ,1.0.0,2025-11-19 18:57:13.956798+00,true,"{""component"":""COMP-DOWNLIGHT-9W"",""panelboard"":""DB-1"",""routing_rule"":""ROUTE-DEFAULT-CEILING"",""placement_rule"":""RULE-ROOM-LIGHTING"",""circuit_template"":""CKT-LIGHT-01""}",,{},2025-11-19 18:57:13.956798+00,2025-11-20 19:43:06.158425+00
f2d32697-7bcb-40ac-abef-6c8aec9aa7b8,ELECTRICAL_STANDARD,STD-TH-2563,Thai Electrical Code 2563 (example summary),1.0.0,2025-10-21 17:35:51.221556+00,true,"{""rules"":[{""type"":""min_cable_size"",""value"":""1.5 sq.mm""},{""type"":""max_outlets_per_circuit"",""value"":10},{""type"":""min_height_outlet"",""value"":""300 mm""}],""standard"":""THAI_ELECTRICAL_CODE_2563"",""vd_limits_pct"":{""total_max_pct"":8,""branch_max_pct"":3,""feeder_max_pct"":5}}",,"{""qa"":{""source_ref"":""user_screenshot""}}",2025-10-21 17:35:51.221556+00,2025-10-23 17:08:40.87884+00
f40ca434-fc64-4dee-9895-a214d08ab610,COMPONENT,COMP-SW-1WAY,Light switch 1-way,1.0.0,2025-10-21 17:35:51.221556+00,true,"{""tags"":[""SWITCH"",""WALL_DEVICE""],""layer_out"":""E-SWITCH-GEN"",""attributes"":{""orientation"":""ALONG_WALL_NORMAL"",""mount_height_mm"":1100},""block_name"":""E_SWITCH_1WAY""}",,{},2025-10-21 17:35:51.221556+00,2025-10-23 17:08:40.87884+00
f778d29a-28cb-4a64-ac01-26423c18e9e8,DERATING_FACTOR,DERATING-GROUPING-CONDUIT,ตัวคูณลดกระแส เมื่อเดินหลายสายร่วมท่อ/ราง,1.0.0,2025-11-20 15:29:09.93935+00,true,"{""table"":[{""factor"":1,""max_conductors"":3,""min_conductors"":1},{""factor"":0.8,""max_conductors"":6,""min_conductors"":4},{""factor"":0.7,""max_conductors"":9,""min_conductors"":7},{""factor"":0.5,""max_conductors"":20,""min_conductors"":10},{""factor"":0.4,""max_conductors"":30,""min_conductors"":21}],""factor_id"":""DF001"",""factor_name"":""Conductor grouping in conduit / tray"",""derating_type"":""conductor_grouping"",""derating_value"":0.4,""standard_reference"":""IEC 60364-5-52 / EIT""}",,{},2025-11-20 15:29:09.93935+00,2025-11-20 19:43:06.158425+00
f96c4259-edf7-4342-a91e-52ed22bbc7e8,PLACEMENT_RULE,RULE-LIVING-OUTLET,กติกาวางเต้ารับห้องนั่งเล่น,1.0.0,2025-11-19 18:57:13.956798+00,true,"{""placement"":{""room_type"":[""living_room"",""bedroom""],""max_spacing_m"":3.6,""min_spacing_m"":1,""min_distance_from_corner_mm"":150},""enforcement"":""SOFT"",""component_id"":""COMP-OUTLET-16A""}",,{},2025-11-19 18:57:13.956798+00,2025-11-20 19:43:06.158425+00
fa8a0f99-ebd0-4dfb-a307-7e02cead09e8,APPLIANCE,APP010-HAIR-DRYER-2000W,"ไดร์เป่าผม 2,000 W",1.0.0,2025-11-20 15:29:09.93935+00,true,"{""notes"":""ควรใช้ร่วมกับเต้ารับกันน้ำและอยู่นอกโซนเปียก"",""phase"":""single"",""category"":""BATHROOM"",""voltage_v"":230,""max_power_w"":2000,""power_factor"":0.95,""appliance_code"":""APP010"",""appliance_name"":""ไดร์เป่าผม 2,000 W"",""duty_cycle_pct"":10,""typical_power_w"":1600,""recommended_breaker_a"":16,""recommended_circuit_type"":""receptacle"",""recommended_wire_size_mm2"":2.5}",,{},2025-11-20 15:29:09.93935+00,2025-11-20 19:43:06.158425+00
faa3ba8f-c77c-48ee-82f7-b7c62d89f933,CABLE_SPEC,CABLE-THW-1C-2.5sqmm,THW 1C 2.5 mm² Cu,1.0.0,2025-10-21 17:35:51.221556+00,false,"{""cost"":{""vendor"":""Generic"",""currency"":""THB"",""cost_per_meter"":12},""properties"":{""insulation"":""THW"",""alpha_per_C"":0.00393,""base_ampacity_a"":24,""resistance_ohm_per_km_20C"":6.9}}",,"{""deprecated"":true,""deprecated_at"":""2025-11-20T19:43:06.158425+00:00"",""deprecated_reason"":""incomplete CABLE_SPEC stub (missing key rating fields)""}",2025-10-21 17:35:51.221556+00,2025-11-20 19:43:06.158425+00
fb317903-bd3a-40a8-875c-12df982ff269,GEOMETRY_FILTER,GEOM-UNDERGROUND-ROUTING,กรองเส้นทางราง/ท่อใต้ดิน,1.0.0,2025-11-20 15:29:09.93935+00,true,"{""filter_id"":""GF003"",""avoid_zones"":[""FOUNDATION_ZONE""],""filter_name"":""Underground routing"",""routing_type"":""underground"",""exclude_entity"":[""BUILDING_FOOTPRINT"",""PILE_CAP""],""include_entity"":[""TRENCH_CENTERLINE""],""preferred_path"":[""TRENCH_CENTERLINE""],""max_deviation_mm"":500}",,{},2025-11-20 15:29:09.93935+00,2025-11-20 19:43:06.158425+00
fbec4635-b976-4911-8fc5-f8b8b1e12dc1,APPLIANCE,APP003-MICROWAVE-20L,ไมโครเวฟ 20 ลิตร,1.0.0,2025-11-20 15:29:09.93935+00,true,"{""notes"":""โหลดระยะสั้น แต่กระแสสูงช่วงทำงาน"",""phase"":""single"",""category"":""KITCHEN"",""voltage_v"":230,""max_power_w"":1200,""power_factor"":0.95,""appliance_code"":""APP003"",""appliance_name"":""ไมโครเวฟ 20 ลิตร"",""duty_cycle_pct"":20,""typical_power_w"":900,""recommended_breaker_a"":16,""recommended_circuit_type"":""receptacle"",""recommended_wire_size_mm2"":2.5}",,{},2025-11-20 15:29:09.93935+00,2025-11-20 19:43:06.158425+00
fde7a3c3-732b-4174-82e2-752e411164d4,PANELBOARD,DB-1,Main distribution board (residential),1.0.0,2025-10-21 17:35:51.221556+00,true,"{""phase"":""single"",""rating_a"":""100"",""voltage_v"":""220"",""location_mm"":[1000,2000],""supply_from"":""MAIN""}",,{},2025-10-21 17:35:51.221556+00,2025-11-20 19:43:06.158425+00
feb7eaa1-a6b5-44e5-a660-bb513bc165b7,COMPONENT,COMP-GATE-MOTOR,Gate motor,1.0.0,2025-10-21 17:35:51.221556+00,true,"{""tags"":[""MOTOR"",""OUTDOOR""],""layer_out"":""E-HEAVY-GEN"",""attributes"":{""orientation"":""FLOOR_POINT"",""rated_power_w"":500,""mount_height_mm"":0},""block_name"":""E_GATE_MOTOR""}",,{},2025-10-21 17:35:51.221556+00,2025-10-23 17:08:40.87884+00